{
    "name": "root",
    "metadata": {
        "timer_format_version": "0.1.0",
        "start_time_seconds": "1661691626",
        "python_version": "3.7.0 (v3.7.0:1bf9cc5093, Jun 27 2018, 04:59:51) [MSC v.1914 64 bit (AMD64)]",
        "command_line_arguments": "C:\\Users\\Shira\\Desktop\\the maze survivors\\venv\\Scripts\\mlagents-learn .\\Assets\\MlConfig.yaml --resume",
        "mlagents_version": "0.28.0",
        "mlagents_envs_version": "0.28.0",
        "communication_protocol_version": "1.5.0",
        "pytorch_version": "1.7.1+cu110",
        "numpy_version": "1.21.6",
        "end_time_seconds": "1661692193"
    },
    "total": 566.6034142999999,
    "count": 1,
    "self": 0.004239599999891652,
    "children": {
        "run_training.setup": {
            "total": 0.06174360000000001,
            "count": 1,
            "self": 0.06174360000000001
        },
        "TrainerController.start_learning": {
            "total": 566.5374311,
            "count": 1,
            "self": 0.24315679999824624,
            "children": {
                "TrainerController._reset_env": {
                    "total": 8.183942,
                    "count": 1,
                    "self": 6.850671999999999,
                    "children": {
                        "demo_to_buffer": {
                            "total": 1.3332700000000006,
                            "count": 1,
                            "self": 4.130000000035494e-05,
                            "children": {
                                "load_demonstration": {
                                    "total": 0.009931599999999818,
                                    "count": 1,
                                    "self": 0.009701999999999877,
                                    "children": {
                                        "read_file": {
                                            "total": 0.00022959999999994096,
                                            "count": 1,
                                            "self": 0.00022959999999994096
                                        }
                                    }
                                },
                                "make_demo_buffer": {
                                    "total": 1.3232971000000004,
                                    "count": 1,
                                    "self": 0.11669470000000981,
                                    "children": {
                                        "steps_from_proto": {
                                            "total": 1.2066023999999906,
                                            "count": 5128,
                                            "self": 0.4453812999999238,
                                            "children": {
                                                "_process_maybe_compressed_observation": {
                                                    "total": 0.6200957000000962,
                                                    "count": 10256,
                                                    "self": 0.0708395000001305,
                                                    "children": {
                                                        "_observation_to_np_array": {
                                                            "total": 0.5492561999999657,
                                                            "count": 5128,
                                                            "self": 0.05383860000002283,
                                                            "children": {
                                                                "process_pixels": {
                                                                    "total": 0.49541759999994284,
                                                                    "count": 5128,
                                                                    "self": 0.22941280000006348,
                                                                    "children": {
                                                                        "image_decompress": {
                                                                            "total": 0.26600479999987936,
                                                                            "count": 5128,
                                                                            "self": 0.26600479999987936
                                                                        }
                                                                    }
                                                                }
                                                            }
                                                        }
                                                    }
                                                },
                                                "_process_rank_one_or_two_observation": {
                                                    "total": 0.14112539999997065,
                                                    "count": 10256,
                                                    "self": 0.14112539999997065
                                                }
                                            }
                                        }
                                    }
                                }
                            }
                        }
                    }
                },
                "TrainerController.advance": {
                    "total": 558.0109700000017,
                    "count": 15737,
                    "self": 0.23856979999891337,
                    "children": {
                        "env_step": {
                            "total": 552.6866254000018,
                            "count": 15737,
                            "self": 503.8831842000013,
                            "children": {
                                "SubprocessEnvManager._take_step": {
                                    "total": 48.58641859999863,
                                    "count": 15738,
                                    "self": 0.5926916999983902,
                                    "children": {
                                        "TorchPolicy.evaluate": {
                                            "total": 47.99372690000024,
                                            "count": 15512,
                                            "self": 15.99659800000041,
                                            "children": {
                                                "TorchPolicy.sample_actions": {
                                                    "total": 31.99712889999983,
                                                    "count": 15512,
                                                    "self": 31.99712889999983
                                                }
                                            }
                                        }
                                    }
                                },
                                "workers": {
                                    "total": 0.21702260000190599,
                                    "count": 15736,
                                    "self": 0.0,
                                    "children": {
                                        "worker_root": {
                                            "total": 447.1131921999954,
                                            "count": 15736,
                                            "is_parallel": true,
                                            "self": 66.9595289999956,
                                            "children": {
                                                "steps_from_proto": {
                                                    "total": 0.022470899999997407,
                                                    "count": 2,
                                                    "is_parallel": true,